episode,episode_reward,step,true_episode_reward
10.0,50.13693908003661,10000,50.13693908003661
20.0,56.41124443643709,20000,56.41124443643709
30.0,162.48258117391327,30000,162.48258117391327
40.0,163.33848559479733,40000,163.33848559479733
