episode,episode_reward,step,true_episode_reward
10.0,92.85690338048724,10000,92.85690338048724
