episode,episode_reward,step,true_episode_reward
10.0,75.23323160326541,10000,75.23323160326541
20.0,129.18762904769818,20000,129.18762904769818
30.0,52.97034449450655,30000,52.97034449450655
40.0,29.854830851250124,40000,29.854830851250124
