episode,episode_reward,step,true_episode_reward
10.0,32.307131229288316,10000,32.307131229288316
20.0,136.42021135421487,20000,136.42021135421487
30.0,103.25378297580808,30000,103.25378297580808
40.0,51.93107113875159,40000,51.93107113875159
