episode,episode_reward,step,true_episode_reward
10.0,35.094650290110465,10000,35.094650290110465
20.0,58.39350065567711,20000,58.39350065567711
30.0,104.47230325778321,30000,104.47230325778321
40.0,69.53036151404892,40000,69.53036151404892
50.0,65.65236022999004,50000,65.65236022999004
60.0,130.2156937319399,60000,130.2156937319399
70.0,142.3344854924651,70000,142.3344854924651
