episode,episode_reward,step,true_episode_reward
10.0,14.914965004910593,10000,14.914965004910593
20.0,10.837031907477222,20000,10.837031907477222
30.0,24.08912441850126,30000,24.08912441850126
40.0,112.37195102638675,40000,112.37195102638675
