episode_reward,step,true_episode_reward
100.66045296875001,64000,100.66045296875001
99.69985778125,96000,99.69985778125
101.8138285,128000,101.8138285
128.241868875,160000,128.241868875
146.9714510625,192000,146.9714510625
192.5865813125,224000,192.5865813125
216.000746625,256000,216.000746625
248.2899989375,288000,248.2899989375
287.86735734375,320000,287.86735734375
326.72804440625,352000,326.72804440625
