episode,episode_reward,step,true_episode_reward
10.0,97.08459647673195,10000,97.08459647673195
20.0,18.944549896520876,20000,18.944549896520876
30.0,14.03167104581936,30000,14.03167104581936
40.0,7.6667692773881555,40000,7.6667692773881555
50.0,13.371237852687486,50000,13.371237852687486
60.0,9.240231771135717,60000,9.240231771135717
70.0,64.40638744069165,70000,64.40638744069165
