episode_reward,step,true_episode_reward
89.10482906249999,64000,89.10482906249999
99.07013053125,96000,99.07013053125
126.22897481250001,128000,126.22897481250001
158.086394125,160000,158.086394125
202.3081459375,192000,202.3081459375
240.3167489375,224000,240.3167489375
287.33672728125,256000,287.33672728125
356.55560175000005,288000,356.55560175000005
400.65776346875,320000,400.65776346875
458.98927053125,352000,458.98927053125
