episode_reward,step,true_episode_reward
88.2234355,64000,88.2234355
104.73008300000001,96000,104.73008300000001
120.27942915625,128000,120.27942915625
135.3584551875,160000,135.3584551875
173.07607815625,192000,173.07607815625
188.241384,224000,188.241384
205.87758965625,256000,205.87758965625
236.5586365625,288000,236.5586365625
262.14474040625,320000,262.14474040625
248.10275468749998,352000,248.10275468749998
252.43995978125,384000,252.43995978125
273.87032153125,416000,273.87032153125
